athlete_id,name,gender,country_code,country,discipline,birth_year
1,James Rossi,Male,FRA,France,Wrestling,
2,Andrei Wang,Male,KEN,Kenya,Basketball,1986.0
3,Noah Muller,Male,FRA,France,Archery,2004.0
4,Andrei Muller,Male,SWE,Sweden,Diving,2002.0
5,Elena Garcia,Female,KEN,Kenya,Weightlifting,1985.0
6,Raj Nguyen,Male,GER,Germany,Cycling Road,1991.0
7,Sophia Wang,Female,NZL,New Zealand,Rowing,1996.0
8,Lea Rossi,Female,IND,India,Swimming,1999.0
9,Sven Wang,Male,CZE,Czech Republic,Fencing,2005.0
10,Nina Muller,Female,SWE,Sweden,Gymnastics,1986.0
11,Ivan Wang,Male,FRA,France,Rowing,1997.0
12,Ingrid Patel,Female,AUS,Australia,Badminton,1996.0
13,Wei Wang,Male,NOR,Norway,Diving,1990.0
14,Lucas Garcia,Male,NZL,New Zealand,Weightlifting,2005.0
15,Carlos Johnson,Male,FRA,France,Swimming,1995.0
16,Maria Wang,Female,NED,Netherlands,Sailing,1995.0
17,Diego Andersson,Male,JAM,Jamaica,Football,1989.0
18,Mia Dubois,Female,SUI,Switzerland,Shooting,2002.0
19,Nina Novak,Female,KEN,Kenya,Volleyball,1996.0
20,Ethan Fischer,Male,KOR,South Korea,Gymnastics,1986.0
21,Ethan Silva,Male,IND,India,Canoe Sprint,1998.0
22,Sven Andersson,Male,NOR,Norway,Football,2001.0
23,Sara Smith,Female,ESP,Spain,Golf,1988.0
24,Priya Tanaka,Female,ITA,Italy,Basketball,
25,Emma Rossi,Female,POL,Poland,Boxing,2001.0
26,Ivan Fischer,Male,NOR,Norway,Judo,1989.0
27,Yuki Hansen,Female,DEN,Denmark,Archery,1985.0
28,Clara Smith,Female,GBR,Great Britain,Badminton,1994.0
29,Liam Dubois,Male,KEN,Kenya,Gymnastics,1987.0
30,Ava Hansen,Female,DEN,Denmark,Cycling Road,1989.0
31,Sara Silva,Female,GER,Germany,Archery,2004.0
32,Li Hansen,Female,DEN,Denmark,Golf,1991.0
33,Sofia Patel,Female,HUN,Hungary,Archery,1999.0
34,Kenji Dubois,Male,JPN,Japan,Table Tennis,1985.0
35,Tom Dubois,Male,USA,United States,Gymnastics,2005.0
36,Kenji Wang,Male,CHN,China,Table Tennis,1987.0
37,Wei Kovac,Male,NED,Netherlands,Shooting,1989.0
38,Elena Kovac,Female,IND,India,Basketball,1991.0
39,Oliver Novak,Male,BRA,Brazil,Basketball,1998.0
40,Olivia Tanaka,Female,CHN,China,Volleyball,1995.0
41,Kenji Muller,Male,NED,Netherlands,Shooting,1999.0
42,Raj Silva,Male,GER,Germany,Football,1992.0
43,Kofi Hansen,Male,GBR,Great Britain,Swimming,2005.0
44,Noah Dubois,Male,AUS,Australia,Basketball,2000.0
45,Li Andersson,Female,CHN,China,Boxing,1997.0
46,Sven Rossi,Male,IND,India,Football,1994.0
47,Sara Kovac,Female,ROC,ROC,Judo,1994.0
48,Liam Yamamoto,Male,SUI,Switzerland,Shooting,1986.0
49,Olivia Johnson,Female,KEN,Kenya,Hockey,2001.0
50,Liam Fischer,Male,JPN,Japan,Boxing,1987.0
51,Kenji Andersson,Male,GBR,Great Britain,Sailing,1992.0
52,Ben Wang,Male,CUB,Cuba,Canoe Sprint,2003.0
53,Maria Muller,Female,ESP,Spain,Triathlon,1995.0
54,Wei Andersson,Male,ROC,ROC,Canoe Sprint,2005.0
55,Ingrid Nguyen,Female,DEN,Denmark,Gymnastics,1985.0
56,Lea Yamamoto,Female,GBR,Great Britain,Gymnastics,2002.0
57,Hiroshi Rossi,Male,ROC,ROC,Badminton,1987.0
58,Marco Kim,Male,AUS,Australia,Football,2002.0
59,Lea Fischer,Female,USA,United States,Canoe Sprint,2002.0
60,Sophia Kowalski,Female,GER,Germany,Rowing,1988.0
61,Wei Kim,Male,NOR,Norway,Judo,1995.0
62,Wei Fischer,Male,KOR,South Korea,Weightlifting,1986.0
63,Raj Rossi,Male,CHN,China,Athletics,1995.0
64,Wei Silva,Male,SUI,Switzerland,Football,2002.0
65,Sara Smith,Female,GBR,Great Britain,Gymnastics,1989.0
66,Marco Yamamoto,Male,CZE,Czech Republic,Cycling Road,1998.0
67,Liam Kim,Male,BRA,Brazil,Swimming,
68,Kenji Tanaka,Male,BRA,Brazil,Shooting,1998.0
69,Kenji Silva,Male,IND,India,Boxing,1998.0
70,Lucas Nguyen,Male,IND,India,Basketball,2006.0
71,Wei Silva,Male,IND,India,Triathlon,1988.0
72,Olivia Kovac,Female,FRA,France,Judo,1999.0
73,Anna Dubois,Female,FRA,France,Athletics,2006.0
74,Sven Nguyen,Male,GER,Germany,Gymnastics,1993.0
75,Julia Andersson,Female,ESP,Spain,Shooting,1995.0
76,Oliver Rossi,Male,AUS,Australia,Sailing,1993.0
77,Oliver Ivanov,Male,CUB,Cuba,Badminton,1995.0
78,Lea Fischer,Female,GBR,Great Britain,Volleyball,2003.0
79,Wei Johnson,Male,SWE,Sweden,Basketball,1985.0
80,Marco Novak,Male,JPN,Japan,Canoe Sprint,1995.0
81,Sophia Kim,Female,POL,Poland,Fencing,2006.0
82,Priya Andersson,Female,SWE,Sweden,Fencing,2002.0
83,Mason Novak,Male,ESP,Spain,Volleyball,2006.0
84,Ben Yamamoto,Male,ITA,Italy,Volleyball,2002.0
85,Ivan Kim,Male,NED,Netherlands,Basketball,2003.0
86,Ingrid Garcia,Female,HUN,Hungary,Canoe Sprint,1991.0
87,Yuki Wang,Female,ITA,Italy,Archery,2006.0
88,Ava Dubois,Female,ESP,Spain,Fencing,1992.0
89,Ethan Smith,Male,CHN,China,Wrestling,2000.0
90,Kofi Novak,Male,JAM,Jamaica,Sailing,1991.0
91,Clara Andersson,Female,FRA,France,Cycling Road,2005.0
92,Oliver Novak,Male,FRA,France,Boxing,2001.0
93,Olivia Hansen,Female,FRA,France,Rowing,1999.0
94,Kofi Fischer,Male,CZE,Czech Republic,Taekwondo,1995.0
95,Lea Fischer,Female,CUB,Cuba,Shooting,1999.0
96,Diego Garcia,Male,GER,Germany,Wrestling,2005.0
97,Julia Kovac,Female,JAM,Jamaica,Wrestling,1993.0
98,Ava Kim,Female,FRA,France,Weightlifting,1995.0
99,Sara Wang,Female,ROC,ROC,Cycling Road,1992.0
100,Mia Muller,Female,JPN,Japan,Basketball,1998.0
101,Sara Garcia,Female,CUB,Cuba,Swimming,1991.0
102,Sofia Yamamoto,Female,SWE,Sweden,Athletics,2003.0
103,Clara Smith,Female,BRA,Brazil,Fencing,1997.0
104,Sara Hansen,Female,IND,India,Taekwondo,1992.0
105,Elena Rossi,Female,CUB,Cuba,Hockey,1985.0
106,Priya Andersson,Female,SUI,Switzerland,Boxing,1999.0
107,Ben Hansen,Male,USA,United States,Volleyball,2003.0
108,Noah Novak,Male,ROC,ROC,Football,1990.0
109,Wei Andersson,Male,CAN,Canada,Judo,1999.0
110,Priya Andersson,Female,GER,Germany,Basketball,1993.0
111,Diego Smith,Male,SUI,Switzerland,Shooting,1986.0
112,Elena Wang,Female,DEN,Denmark,Diving,1986.0
113,Kenji Muller,Male,USA,United States,Taekwondo,1989.0
114,Ethan Kovac,Male,ESP,Spain,Rowing,2003.0
115,Kofi Rossi,Male,DEN,Denmark,Badminton,1990.0
116,Lucas Kim,Male,GBR,Great Britain,Sailing,1985.0
117,Nina Andersson,Female,NZL,New Zealand,Triathlon,1991.0
118,Tom Dubois,Male,GBR,Great Britain,Triathlon,1994.0
119,Tom Johnson,Male,BRA,Brazil,Shooting,1998.0
120,Ava Fischer,Female,JAM,Jamaica,Table Tennis,1985.0
121,Clara Tanaka,Female,CUB,Cuba,Badminton,2005.0
122,Mia Novak,Female,AUS,Australia,Golf,2001.0
123,Lea Hansen,Female,DEN,Denmark,Hockey,1999.0
124,Nina Rossi,Female,CAN,,Wrestling,1987.0
125,Ingrid Dubois,Female,DEN,Denmark,Football,2003.0
126,Priya Smith,Female,KOR,South Korea,Table Tennis,1990.0
127,Li Patel,Female,IND,India,Weightlifting,1995.0
128,Lea Rossi,Female,CZE,Czech Republic,Athletics,2001.0
129,Noah Dubois,Male,SUI,Switzerland,Basketball,2000.0
130,Diego Kovac,Male,HUN,Hungary,Athletics,1987.0
131,Elena Andersson,Female,SWE,Sweden,Wrestling,1994.0
132,Clara Hansen,Female,POL,,Badminton,1998.0
133,Aisha Garcia,Female,GER,Germany,Fencing,1993.0
134,Oliver Muller,Male,CAN,Canada,Rowing,2002.0
135,Mason Muller,Male,SUI,,Hockey,1993.0
136,Sophia Muller,Female,ITA,Italy,Wrestling,1996.0
137,Ivan Smith,Male,SWE,Sweden,Shooting,1989.0
138,Olivia Johnson,Female,CZE,Czech Republic,Fencing,1989.0
139,Sophia Smith,Female,KEN,Kenya,Fencing,2000.0
140,Ingrid Nguyen,Female,AUS,Australia,Swimming,1993.0
141,Sophia Wang,Female,NZL,New Zealand,Hockey,1987.0
142,Ethan Kowalski,Male,IND,,Sailing,1994.0
143,Kenji Tanaka,Male,CZE,Czech Republic,Basketball,2004.0
144,Hiroshi Andersson,Male,HUN,Hungary,Football,1994.0
145,Anna Yamamoto,Female,NOR,Norway,Swimming,2004.0
146,Mason Muller,Male,GER,Germany,Canoe Sprint,1987.0
147,Kenji Silva,Male,CZE,Czech Republic,Gymnastics,1990.0
148,Raj Garcia,Male,SWE,Sweden,Taekwondo,2000.0
149,Olivia Dubois,Female,ITA,Italy,Triathlon,1994.0
150,Ava Dubois,Female,GER,Germany,Diving,2003.0
151,Raj Tanaka,Male,CZE,Czech Republic,Wrestling,2005.0
152,Wei Kowalski,Male,JPN,Japan,Swimming,1990.0
153,Lea Yamamoto,Female,ITA,,Football,1988.0
154,Anna Andersson,Female,GER,Germany,Archery,2002.0
155,Ingrid Wang,Female,NOR,Norway,Swimming,1998.0
156,Lea Rossi,Female,USA,United States,Gymnastics,1992.0
157,Wei Yamamoto,Male,CHN,China,Boxing,2000.0
158,Maria Silva,Female,KEN,Kenya,Basketball,2005.0
159,Ava Kovac,Female,BRA,Brazil,Basketball,1995.0
160,Sophia Silva,Female,CAN,Canada,Basketball,2000.0
161,Sofia Hansen,Female,CHN,China,Football,1987.0
162,Maria Nguyen,Female,GBR,Great Britain,Volleyball,2001.0
163,Andrei Garcia,Male,CUB,Cuba,Swimming,1991.0
164,Lea Kovac,Female,JAM,Jamaica,Football,1986.0
165,Wei Hansen,Male,ROC,ROC,Fencing,1999.0
166,Sophia Smith,Female,JAM,Jamaica,Taekwondo,
167,Ivan Hansen,Male,USA,United States,Shooting,1998.0
168,Kenji Tanaka,Male,HUN,Hungary,Rowing,2005.0
169,Diego Kim,Male,POL,Poland,Triathlon,1993.0
170,Clara Kovac,Female,FRA,France,Football,2002.0
171,Sven Muller,Male,NOR,Norway,Archery,1989.0
172,Wei Novak,Male,CAN,Canada,Archery,1993.0
173,Ivan Kim,Male,KEN,Kenya,Sailing,2006.0
174,Mia Garcia,Female,CZE,Czech Republic,Hockey,1996.0
175,Sara Hansen,Female,NZL,New Zealand,Football,1995.0
176,Kenji Yamamoto,Male,NZL,New Zealand,Wrestling,1998.0
177,Carlos Kovac,Male,SWE,,Volleyball,1997.0
178,Diego Johnson,Male,ROC,ROC,Archery,2003.0
179,Sophia Garcia,Female,GBR,Great Britain,Archery,1999.0
180,Ethan Novak,Male,JAM,Jamaica,Cycling Road,1987.0
181,Maria Nguyen,Female,NOR,Norway,Triathlon,1997.0
182,Carlos Hansen,Male,NZL,New Zealand,Table Tennis,2005.0
183,Sara Johnson,Female,NOR,Norway,Gymnastics,1992.0
184,Elena Wang,Female,CUB,Cuba,Rowing,2005.0
185,Kofi Silva,Male,SWE,Sweden,Fencing,1985.0
186,Carlos Johnson,Male,ITA,Italy,Badminton,1996.0
187,Mia Dubois,Female,POL,Poland,Basketball,2003.0
188,Lucas Silva,Male,JPN,Japan,Taekwondo,1997.0
189,Diego Yamamoto,Male,ROC,ROC,Wrestling,1999.0
190,Ingrid Rossi,Female,ESP,Spain,Athletics,1999.0
191,Sara Silva,Female,JPN,Japan,Football,1996.0
192,Nadia Rossi,Female,HUN,Hungary,Fencing,1991.0
193,Clara Tanaka,Female,FRA,France,Volleyball,2003.0
194,Nina Kim,Female,SWE,Sweden,Fencing,1985.0
195,Maria Smith,Female,KEN,Kenya,Canoe Sprint,1986.0
196,Anna Dubois,Female,NOR,Norway,Badminton,1992.0
197,Ben Rossi,Male,ESP,Spain,Golf,2006.0
198,Oliver Johnson,Male,ITA,Italy,Football,1986.0
199,Mia Wang,Female,ITA,Italy,Table Tennis,1998.0
200,Mason Kowalski,Male,IND,India,Shooting,1996.0
201,Yuki Rossi,Female,KOR,South Korea,Fencing,1995.0
202,Kofi Wang,Male,ROC,ROC,Wrestling,
203,Sara Patel,Female,JPN,Japan,Volleyball,1985.0
204,Sara Tanaka,Female,HUN,Hungary,Badminton,2006.0
205,Nina Andersson,Female,JAM,Jamaica,Badminton,1988.0
206,Diego Smith,Male,NOR,Norway,Shooting,1995.0
207,Noah Garcia,Male,SWE,Sweden,Fencing,2005.0
208,Sophia Kowalski,Female,CHN,China,Swimming,1994.0
209,Sophia Tanaka,Female,FRA,France,Shooting,1989.0
210,Ingrid Patel,Female,ESP,Spain,Golf,2002.0
211,Nina Kowalski,Female,CUB,Cuba,Diving,1988.0
212,Lea Novak,Female,GER,Germany,Swimming,1996.0
213,Kofi Garcia,Male,FRA,France,Badminton,1988.0
214,Sara Patel,Female,CHN,China,Volleyball,1993.0
215,Oliver Garcia,Male,JPN,Japan,Canoe Sprint,1991.0
216,Liam Nguyen,Male,FRA,France,Cycling Road,2003.0
217,Noah Hansen,Male,NED,Netherlands,Sailing,1991.0
218,Carlos Kowalski,Male,IND,India,Taekwondo,1985.0
219,Mia Kowalski,Female,CZE,Czech Republic,Weightlifting,1990.0
220,James Kowalski,Male,USA,United States,Badminton,1992.0
221,Emma Silva,Female,GER,Germany,Swimming,1989.0
222,Julia Tanaka,Female,SUI,Switzerland,Gymnastics,2000.0
223,Aisha Fischer,Female,KEN,Kenya,Rowing,1999.0
224,Ben Johnson,Male,SUI,Switzerland,Canoe Sprint,2001.0
225,Ingrid Smith,Female,CHN,China,Hockey,1997.0
226,Sophia Kovac,Female,SWE,Sweden,Football,1987.0
227,Carlos Ivanov,Male,ROC,ROC,Gymnastics,1989.0
228,Lea Yamamoto,Female,CZE,Czech Republic,Triathlon,1995.0
229,Lea Fischer,Female,ITA,Italy,Football,2001.0
230,Sophia Tanaka,Female,JAM,Jamaica,Diving,2002.0
231,Raj Garcia,Male,FRA,France,Basketball,1995.0
232,Sofia Novak,Female,SUI,Switzerland,Rowing,1995.0
233,Priya Rossi,Female,BRA,Brazil,Cycling Road,
234,Ava Wang,Female,JPN,Japan,Gymnastics,1998.0
235,Marco Kowalski,Male,CZE,Czech Republic,Swimming,2003.0
236,Sophia Novak,Female,BRA,Brazil,Canoe Sprint,1998.0
237,Ivan Ivanov,Male,ITA,Italy,Badminton,1988.0
238,Ethan Kovac,Male,FRA,France,Rowing,1996.0
239,Sophia Rossi,Female,KEN,Kenya,Wrestling,1998.0
240,Ben Rossi,Male,USA,United States,Boxing,1993.0
241,Priya Patel,Female,USA,United States,Boxing,1989.0
242,Ava Kowalski,Female,SUI,Switzerland,Diving,1985.0
243,Hiroshi Muller,Male,NZL,New Zealand,Basketball,1999.0
244,Yuki Patel,Female,ITA,Italy,Golf,1995.0
245,Liam Kowalski,Male,AUS,Australia,Taekwondo,1986.0
246,Wei Garcia,Male,ESP,Spain,Basketball,2000.0
247,Nadia Rossi,Female,NED,Netherlands,Archery,1988.0
248,Nadia Tanaka,Female,ITA,Italy,Canoe Sprint,2006.0
249,Julia Kim,Female,CHN,China,Wrestling,1997.0
250,James Muller,Male,ITA,Italy,Judo,1989.0
251,Anna Nguyen,Female,GBR,Great Britain,Athletics,2000.0
252,Yuki Kowalski,Female,NZL,New Zealand,Shooting,1992.0
253,Ava Andersson,Female,SUI,Switzerland,Swimming,1998.0
254,Kofi Wang,Male,CAN,Canada,Sailing,1998.0
255,Nadia Kim,Female,GBR,Great Britain,Volleyball,1985.0
256,Yuki Ivanov,Female,HUN,Hungary,Triathlon,1996.0
257,Raj Tanaka,Male,FRA,France,Basketball,2003.0
258,Julia Wang,Female,NZL,New Zealand,Fencing,1995.0
259,Carlos Silva,Male,JPN,Japan,Archery,2005.0
260,Hiroshi Fischer,Male,NED,Netherlands,Badminton,1996.0
261,Kenji Tanaka,Male,ROC,ROC,Weightlifting,1991.0
262,Ben Kowalski,Male,DEN,Denmark,Diving,1987.0
263,Diego Garcia,Male,DEN,Denmark,Sailing,2003.0
264,Nina Ivanov,Female,CAN,Canada,Diving,1995.0
265,Kofi Wang,Male,KOR,South Korea,Football,2005.0
266,Maria Yamamoto,Female,CHN,China,Badminton,2001.0
267,Ivan Garcia,Male,HUN,Hungary,Swimming,1986.0
268,Anna Wang,Female,JAM,Jamaica,Gymnastics,2004.0
269,Ingrid Yamamoto,Female,CZE,Czech Republic,Golf,1986.0
270,Nina Muller,Female,CAN,Canada,Taekwondo,2000.0
271,Liam Garcia,Male,GBR,Great Britain,Table Tennis,1987.0
272,Liam Dubois,Male,SWE,Sweden,Football,1999.0
273,Marco Patel,Male,ITA,Italy,Volleyball,1998.0
274,Lea Johnson,Female,IND,India,Diving,2005.0
275,Ava Nguyen,Female,GBR,Great Britain,Shooting,2006.0
276,Anna Rossi,Female,SUI,Switzerland,Canoe Sprint,2004.0
277,Carlos Wang,Male,KEN,Kenya,Canoe Sprint,1989.0
278,Anna Andersson,Female,ROC,ROC,Taekwondo,1987.0
279,Sara Andersson,Female,JAM,Jamaica,Table Tennis,1989.0
280,Raj Fischer,Male,BRA,Brazil,Athletics,1996.0
281,Yuki Muller,Female,CAN,Canada,Hockey,1991.0
282,Ethan Kowalski,Male,JPN,Japan,Fencing,1988.0
283,Carlos Ivanov,Male,ROC,ROC,Taekwondo,1997.0
284,Lucas Silva,Male,SWE,Sweden,Taekwondo,1990.0
285,Olivia Novak,Female,BRA,Brazil,Canoe Sprint,1992.0
286,Lea Kim,Female,DEN,Denmark,Golf,1999.0
287,Andrei Dubois,Male,ITA,Italy,Hockey,1991.0
288,Nina Garcia,Female,HUN,Hungary,Fencing,1997.0
289,Yuki Muller,Female,IND,India,Taekwondo,1989.0
290,Olivia Kovac,Female,BRA,Brazil,Shooting,1988.0
291,Ivan Wang,Male,DEN,Denmark,Boxing,1993.0
292,Julia Kowalski,Female,CUB,Cuba,Gymnastics,1992.0
293,Aisha Smith,Female,CUB,Cuba,Swimming,1997.0
294,Elena Andersson,Female,JPN,Japan,Badminton,1992.0
295,Carlos Tanaka,Male,SWE,Sweden,Diving,1995.0
296,Ethan Johnson,Male,ITA,Italy,Hockey,1989.0
297,Ingrid Ivanov,Female,USA,United States,Gymnastics,1985.0
298,Li Kowalski,Female,CZE,Czech Republic,Golf,2004.0
299,Sophia Kim,Female,FRA,France,Fencing,1988.0
300,Kenji Novak,Male,JAM,Jamaica,Taekwondo,1999.0
301,Oliver Kovac,Male,NOR,Norway,Shooting,1985.0
302,Ethan Kim,Male,CUB,Cuba,Athletics,2004.0
303,Elena Yamamoto,Female,CUB,Cuba,Boxing,2006.0
304,Hiroshi Patel,Male,JPN,Japan,Archery,2002.0
305,Sven Kovac,Male,CHN,China,Diving,1997.0
306,Maria Smith,Female,BRA,Brazil,Gymnastics,1996.0
307,Oliver Yamamoto,Male,SUI,Switzerland,Table Tennis,1989.0
308,Marco Hansen,Male,CAN,Canada,Diving,1990.0
309,Clara Silva,Female,IND,India,Cycling Road,1987.0
310,Olivia Kim,Female,NED,Netherlands,Swimming,1991.0
311,Carlos Kim,Male,POL,Poland,Volleyball,2002.0
312,Maria Johnson,Female,DEN,,Diving,1991.0
313,Aisha Johnson,Female,JAM,Jamaica,Table Tennis,1993.0
314,Marco Novak,Male,NZL,New Zealand,Golf,1999.0
315,Priya Silva,Female,KOR,South Korea,Triathlon,2000.0
316,Julia Rossi,Female,IND,India,Gymnastics,1998.0
317,Raj Ivanov,Male,AUS,Australia,Shooting,1994.0
318,Sophia Wang,Female,CAN,,Canoe Sprint,1994.0
319,Ingrid Ivanov,Female,SWE,Sweden,Basketball,1990.0
320,Aisha Garcia,Female,CHN,China,Golf,1996.0
321,Maria Johnson,Female,JPN,Japan,Canoe Sprint,2005.0
322,Aisha Fischer,Female,IND,India,Golf,2006.0
323,James Kowalski,Male,NOR,Norway,Canoe Sprint,1999.0
324,Ethan Wang,Male,FRA,France,Diving,1996.0
325,Sofia Yamamoto,Female,CHN,China,Taekwondo,1989.0
326,Aisha Patel,Female,HUN,Hungary,Gymnastics,2003.0
327,Hiroshi Patel,Male,NZL,New Zealand,Table Tennis,2005.0
328,Elena Tanaka,Female,USA,United States,Golf,1990.0
329,Julia Andersson,Female,CZE,Czech Republic,Rowing,1993.0
330,Ingrid Muller,Female,NOR,Norway,Fencing,
331,Oliver Kowalski,Male,JPN,Japan,Football,1990.0
332,Ava Nguyen,Female,ESP,Spain,Badminton,1987.0
333,Anna Silva,Female,SWE,Sweden,Triathlon,2005.0
334,Marco Fischer,Male,FRA,France,Rowing,1991.0
335,Kenji Kovac,Male,USA,United States,Badminton,
336,Ingrid Hansen,Female,ROC,ROC,Taekwondo,1987.0
337,Ivan Andersson,Male,SWE,Sweden,Golf,2000.0
338,Nadia Yamamoto,Female,JPN,Japan,Cycling Road,1995.0
339,Kofi Garcia,Male,ESP,Spain,Archery,1996.0
340,Andrei Yamamoto,Male,AUS,Australia,Cycling Road,1998.0
341,Oliver Fischer,Male,ROC,ROC,Fencing,1990.0
342,Carlos Dubois,Male,BRA,Brazil,Archery,1994.0
343,Wei Muller,Male,JAM,Jamaica,Shooting,1993.0
344,Ivan Ivanov,Male,CZE,Czech Republic,Gymnastics,2001.0
345,Tom Yamamoto,Male,ROC,ROC,Boxing,2006.0
346,Nina Johnson,Female,USA,United States,Gymnastics,1986.0
347,Li Yamamoto,Female,CUB,Cuba,Taekwondo,2005.0
348,Diego Hansen,Male,ITA,Italy,Diving,1994.0
349,Elena Andersson,Female,ITA,Italy,Football,1987.0
350,Lucas Garcia,Male,CUB,Cuba,Hockey,1999.0
351,Carlos Ivanov,Male,ROC,ROC,Table Tennis,1995.0
352,Sofia Kowalski,Female,DEN,Denmark,Badminton,2001.0
353,Carlos Dubois,Male,HUN,Hungary,Rowing,1993.0
354,Elena Kowalski,Female,GBR,Great Britain,Swimming,1994.0
355,Lea Novak,Female,FRA,France,Boxing,1995.0
356,Li Silva,Female,KOR,South Korea,Archery,1999.0
357,Anna Kovac,Female,USA,United States,Gymnastics,1997.0
358,Elena Muller,Female,KEN,Kenya,Badminton,1986.0
359,Ivan Kovac,Male,NOR,Norway,Diving,2006.0
360,Anna Hansen,Female,USA,United States,Rowing,1998.0
361,Wei Patel,Male,DEN,Denmark,Volleyball,1996.0
362,Sven Johnson,Male,KEN,Kenya,Shooting,1991.0
363,Sara Kim,Female,JPN,Japan,Volleyball,2001.0
364,Sara Rossi,Female,NOR,Norway,Canoe Sprint,2004.0
365,Ethan Tanaka,Male,NZL,New Zealand,Badminton,1995.0
366,Mia Muller,Female,NOR,Norway,Archery,1997.0
367,Liam Johnson,Male,ROC,ROC,Triathlon,1995.0
368,Julia Garcia,Female,ROC,ROC,Taekwondo,2001.0
369,Carlos Ivanov,Male,CAN,Canada,Boxing,1997.0
370,Nina Nguyen,Female,POL,Poland,Archery,2002.0
371,Nina Kim,Female,KOR,South Korea,Athletics,1996.0
372,Sophia Novak,Female,KEN,Kenya,Fencing,2005.0
373,Ben Kovac,Male,GER,Germany,Diving,2003.0
374,Liam Yamamoto,Male,KOR,South Korea,Boxing,2001.0
375,Mia Dubois,Female,CHN,China,Sailing,1988.0
376,James Garcia,Male,CAN,Canada,Basketball,1989.0
377,Li Novak,Female,POL,Poland,Taekwondo,2000.0
378,Ethan Fischer,Male,NED,Netherlands,Shooting,1995.0
379,Julia Andersson,Female,CAN,Canada,Boxing,1999.0
380,Sara Patel,Female,ESP,Spain,Golf,2006.0
381,Lea Kovac,Female,NED,Netherlands,Wrestling,1993.0
382,Elena Kim,Female,DEN,Denmark,Fencing,1991.0
383,Priya Kovac,Female,BRA,Brazil,Shooting,1993.0
384,Sophia Yamamoto,Female,ESP,Spain,Shooting,1997.0
385,Aisha Kowalski,Female,ITA,Italy,Swimming,1994.0
386,Marco Garcia,Male,JAM,Jamaica,Weightlifting,2000.0
387,Mason Hansen,Male,GER,Germany,Shooting,1993.0
388,Oliver Ivanov,Male,SUI,Switzerland,Sailing,1992.0
389,Liam Fischer,Male,FRA,France,Diving,1992.0
390,Oliver Novak,Male,CAN,Canada,Triathlon,2000.0
391,Ethan Smith,Male,CZE,Czech Republic,Boxing,1998.0
392,Clara Muller,Female,DEN,Denmark,Fencing,1995.0
393,Olivia Wang,Female,JAM,Jamaica,Sailing,1992.0
394,Lucas Novak,Male,AUS,Australia,Swimming,1997.0
395,Yuki Kim,Female,CHN,China,Athletics,1994.0
396,Carlos Kim,Male,HUN,Hungary,Diving,2002.0
397,Mia Fischer,Female,HUN,Hungary,Weightlifting,1991.0
398,Carlos Silva,Male,SUI,Switzerland,Football,2005.0
399,Yuki Smith,Female,SUI,Switzerland,Table Tennis,1994.0
400,Lucas Ivanov,Male,JAM,Jamaica,Volleyball,1998.0
401,Ava Andersson,Female,ESP,Spain,Rowing,1990.0
402,Diego Nguyen,Male,FRA,France,Athletics,1993.0
403,Elena Garcia,Female,DEN,Denmark,Weightlifting,1995.0
404,Nina Yamamoto,Female,USA,United States,Weightlifting,2005.0
405,Elena Johnson,Female,ESP,Spain,Rowing,
406,Yuki Andersson,Female,ESP,Spain,Archery,1994.0
407,Ivan Patel,Male,NOR,Norway,Wrestling,1992.0
408,Diego Kowalski,Male,HUN,Hungary,Golf,2004.0
409,Nadia Hansen,Female,KOR,South Korea,Shooting,2006.0
410,Kenji Ivanov,Male,IND,India,Gymnastics,2001.0
411,Julia Patel,Female,JPN,Japan,Sailing,1988.0
412,Andrei Fischer,Male,NED,Netherlands,Sailing,2002.0
413,Lucas Nguyen,Male,POL,Poland,Football,1988.0
414,Tom Kovac,Male,JPN,Japan,Archery,1999.0
415,Kofi Kowalski,Male,POL,Poland,Basketball,1999.0
416,Andrei Garcia,Male,ESP,Spain,Fencing,
417,Maria Smith,Female,SUI,Switzerland,Judo,2003.0
418,Liam Novak,Male,BRA,Brazil,Triathlon,1987.0
419,Noah Kovac,Male,CHN,China,Fencing,1998.0
420,Ethan Novak,Male,BRA,Brazil,Volleyball,1999.0
421,Sofia Wang,Female,ESP,Spain,Canoe Sprint,2002.0
422,Marco Tanaka,Male,AUS,Australia,Shooting,1997.0
423,Kenji Smith,Male,DEN,Denmark,Athletics,1994.0
424,Sara Novak,Female,CZE,Czech Republic,Volleyball,1992.0
425,Kofi Patel,Male,ROC,ROC,Weightlifting,1991.0
426,Liam Novak,Male,NOR,Norway,Athletics,1992.0
427,Noah Tanaka,Male,NOR,Norway,Swimming,1999.0
428,Kenji Johnson,Male,NZL,New Zealand,Football,1992.0
429,Liam Kowalski,Male,POL,Poland,Fencing,1992.0
430,Nina Ivanov,Female,DEN,Denmark,Canoe Sprint,1995.0
431,Ivan Kowalski,Male,ESP,Spain,Archery,1992.0
432,Anna Rossi,Female,CHN,China,Shooting,2003.0
433,Raj Hansen,Male,KOR,South Korea,Swimming,1996.0
434,Julia Nguyen,Female,SWE,Sweden,Basketball,1998.0
435,Ivan Andersson,Male,AUS,Australia,Shooting,2000.0
436,Kenji Kim,Male,SWE,Sweden,Cycling Road,1999.0
437,Andrei Novak,Male,CUB,Cuba,Shooting,2001.0
438,Sven Dubois,Male,GER,Germany,Judo,1995.0
439,Kofi Patel,Male,JPN,Japan,Shooting,1991.0
440,Wei Andersson,Male,ESP,Spain,Taekwondo,2004.0
441,Noah Muller,Male,IND,India,Sailing,2006.0
442,Diego Muller,Male,CAN,Canada,Fencing,1985.0
443,Mason Tanaka,Male,SUI,Switzerland,Hockey,1992.0
444,Sven Dubois,Male,CZE,Czech Republic,Table Tennis,1994.0
445,Ingrid Hansen,Female,JAM,Jamaica,Badminton,1994.0
446,Aisha Fischer,Female,KOR,South Korea,Football,1988.0
447,Priya Muller,Female,BRA,Brazil,Table Tennis,
448,Tom Dubois,Male,SUI,Switzerland,Cycling Road,1985.0
449,Sara Yamamoto,Female,KEN,Kenya,Golf,1998.0
450,Mia Muller,Female,CAN,,Wrestling,1997.0
451,Diego Hansen,Male,JAM,Jamaica,Canoe Sprint,1995.0
452,Clara Kovac,Female,HUN,Hungary,Boxing,1996.0
453,Ethan Hansen,Male,KOR,South Korea,Boxing,2002.0
454,Hiroshi Johnson,Male,JPN,Japan,Canoe Sprint,1986.0
455,Raj Kowalski,Male,JAM,Jamaica,Wrestling,1987.0
456,James Muller,Male,POL,Poland,Football,
457,Ben Ivanov,Male,KOR,South Korea,Canoe Sprint,2000.0
458,James Hansen,Male,CZE,Czech Republic,Basketball,1985.0
459,Hiroshi Rossi,Male,CZE,Czech Republic,Fencing,1985.0
460,Yuki Tanaka,Female,GBR,Great Britain,Archery,1989.0
461,Mason Ivanov,Male,POL,Poland,Weightlifting,1996.0
462,Sofia Wang,Female,BRA,Brazil,Volleyball,1999.0
463,Kenji Kim,Male,ESP,Spain,Gymnastics,2005.0
464,Noah Andersson,Male,NZL,New Zealand,Volleyball,2002.0
465,Olivia Smith,Female,SWE,Sweden,Boxing,1987.0
466,Nadia Nguyen,Female,KEN,Kenya,Rowing,2001.0
467,Kenji Muller,Male,SWE,Sweden,Sailing,2000.0
468,Olivia Wang,Female,ESP,Spain,Weightlifting,2002.0
469,Lucas Nguyen,Male,USA,United States,Judo,2003.0
470,Sven Wang,Male,ITA,Italy,Boxing,2003.0
471,Tom Andersson,Male,ESP,Spain,Shooting,1995.0
472,Mia Wang,Female,POL,Poland,Golf,1996.0
473,Oliver Novak,Male,FRA,France,Gymnastics,1995.0
474,Priya Smith,Female,JAM,Jamaica,Weightlifting,1999.0
475,Elena Patel,Female,CZE,Czech Republic,Volleyball,1998.0
476,Tom Andersson,Male,JPN,Japan,Taekwondo,1994.0
477,Noah Wang,Male,GER,Germany,Cycling Road,1997.0
478,Sven Nguyen,Male,BRA,Brazil,Rowing,1987.0
479,Ivan Garcia,Male,BRA,Brazil,Weightlifting,1988.0
480,Noah Silva,Male,CUB,Cuba,Football,2002.0
481,Sophia Smith,Female,JPN,Japan,Badminton,2002.0
482,Ben Ivanov,Male,IND,India,Table Tennis,1997.0
483,Ivan Novak,Male,NZL,New Zealand,Gymnastics,2002.0
484,Tom Fischer,Male,AUS,Australia,Canoe Sprint,1997.0
485,Ethan Rossi,Male,ITA,Italy,Weightlifting,2000.0
486,Noah Silva,Male,CUB,Cuba,Weightlifting,1998.0
487,Clara Wang,Female,BRA,Brazil,Weightlifting,1992.0
488,Lea Ivanov,Female,NED,Netherlands,Football,1988.0
489,Ivan Smith,Male,NZL,New Zealand,Table Tennis,2004.0
490,Priya Garcia,Female,CAN,Canada,Basketball,2005.0
491,Ivan Nguyen,Male,NOR,Norway,Triathlon,1991.0
492,Priya Silva,Female,NZL,New Zealand,Table Tennis,1994.0
493,Nina Dubois,Female,CAN,Canada,Volleyball,1993.0
494,Aisha Tanaka,Female,KEN,Kenya,Judo,2003.0
495,Andrei Smith,Male,SUI,Switzerland,Football,1991.0
496,Anna Wang,Female,IND,India,Basketball,2006.0
497,Mia Kim,Female,FRA,France,Weightlifting,2006.0
498,Raj Andersson,Male,JPN,Japan,Football,2004.0
499,Nina Andersson,Female,CZE,Czech Republic,Archery,1998.0
500,Marco Hansen,Male,NOR,Norway,Diving,1987.0
501,Kenji Patel,Male,AUS,Australia,Diving,2004.0
502,Tom Andersson,Male,DEN,Denmark,Table Tennis,1998.0
503,James Tanaka,Male,GER,Germany,Wrestling,2001.0
504,Kofi Patel,Male,NZL,New Zealand,Football,2006.0
505,Marco Smith,Male,KOR,South Korea,Rowing,1994.0
506,Ava Tanaka,Female,SUI,Switzerland,Cycling Road,1996.0
507,Priya Garcia,Female,IND,India,Judo,2001.0
508,Aisha Kovac,Female,GBR,Great Britain,Football,1999.0
509,Ava Kim,Female,CHN,China,Triathlon,1988.0
510,Carlos Tanaka,Male,ESP,Spain,Boxing,
511,Andrei Silva,Male,CAN,Canada,Shooting,1998.0
512,Elena Andersson,Female,JAM,Jamaica,Boxing,1990.0
513,Sofia Smith,Female,SUI,Switzerland,Taekwondo,1991.0
514,Nina Novak,Female,NZL,New Zealand,Athletics,1991.0
515,Wei Wang,Male,KEN,Kenya,Rowing,2002.0
516,Marco Nguyen,Male,NED,Netherlands,Football,1988.0
517,Clara Fischer,Female,JAM,Jamaica,Table Tennis,2004.0
518,Lea Andersson,Female,KEN,Kenya,Rowing,1996.0
519,Ingrid Ivanov,Female,AUS,Australia,Canoe Sprint,1994.0
520,Ethan Nguyen,Male,GBR,Great Britain,Wrestling,1994.0
521,Lucas Patel,Male,SWE,Sweden,Cycling Road,2001.0
522,Nadia Ivanov,Female,ROC,ROC,Sailing,1997.0
523,Yuki Kovac,Female,JAM,Jamaica,Shooting,2005.0
524,Andrei Silva,Male,KOR,South Korea,Fencing,1989.0
525,Carlos Garcia,Male,NOR,Norway,Swimming,1996.0
526,Diego Kowalski,Male,NED,Netherlands,Volleyball,2002.0
527,Nadia Kovac,Female,CUB,Cuba,Triathlon,1999.0
528,Yuki Wang,Female,KEN,Kenya,Athletics,1992.0
529,Olivia Rossi,Female,FRA,France,Shooting,1994.0
530,Kofi Yamamoto,Male,SUI,Switzerland,Hockey,2002.0
531,Tom Tanaka,Male,GER,Germany,Shooting,1996.0
532,Kofi Hansen,Male,NED,Netherlands,Basketball,
533,Ivan Johnson,Male,HUN,Hungary,Weightlifting,1996.0
534,Kofi Tanaka,Male,DEN,Denmark,Wrestling,1991.0
535,Lea Novak,Female,AUS,Australia,Taekwondo,1989.0
536,Mason Johnson,Male,KEN,Kenya,Badminton,2002.0
537,Lea Hansen,Female,AUS,Australia,Table Tennis,1994.0
538,Nina Rossi,Female,POL,Poland,Canoe Sprint,1988.0
539,Raj Johnson,Male,GER,Germany,Diving,1989.0
540,Kenji Kowalski,Male,SWE,Sweden,Table Tennis,1992.0
541,Clara Kowalski,Female,KEN,Kenya,Diving,1993.0
542,Sofia Garcia,Female,JPN,Japan,Diving,1987.0
543,Julia Rossi,Female,SWE,Sweden,Badminton,1999.0
544,Priya Yamamoto,Female,USA,United States,Golf,1987.0
545,Aisha Wang,Female,IND,India,Shooting,1997.0
546,Raj Muller,Male,KOR,South Korea,Weightlifting,1995.0
547,Priya Hansen,Female,KEN,Kenya,Cycling Road,2003.0
548,Priya Johnson,Female,CHN,China,Rowing,2005.0
549,Emma Tanaka,Female,AUS,Australia,Football,
550,Raj Muller,Male,SWE,Sweden,Cycling Road,2005.0
551,Yuki Rossi,Female,JPN,Japan,Diving,1996.0
552,Ava Patel,Female,ESP,,Diving,1990.0
553,Sven Kim,Male,SUI,Switzerland,Triathlon,1992.0
554,Ava Tanaka,Female,USA,United States,Judo,2000.0
555,Ethan Yamamoto,Male,FRA,France,Archery,2006.0
556,Emma Smith,Female,SWE,Sweden,Table Tennis,1988.0
557,Mia Kovac,Female,JPN,Japan,Wrestling,1997.0
558,Oliver Tanaka,Male,CAN,Canada,Badminton,1994.0
559,Sven Kowalski,Male,JAM,Jamaica,Canoe Sprint,1989.0
560,Hiroshi Yamamoto,Male,USA,United States,Taekwondo,2005.0
561,Kofi Patel,Male,SUI,Switzerland,Judo,2005.0
562,Raj Ivanov,Male,ESP,Spain,Football,1991.0
563,Oliver Kowalski,Male,DEN,Denmark,Rowing,2003.0
564,Aisha Novak,Female,CAN,Canada,Cycling Road,1992.0
565,Ava Dubois,Female,CZE,Czech Republic,Taekwondo,2004.0
566,Emma Kim,Female,NED,Netherlands,Archery,2004.0
567,Sven Kim,Male,JAM,Jamaica,Swimming,1992.0
568,Sofia Tanaka,Female,FRA,France,Hockey,2005.0
569,Hiroshi Smith,Male,BRA,Brazil,Table Tennis,1989.0
570,Nina Novak,Female,BRA,Brazil,Shooting,2006.0
571,Diego Wang,Male,USA,United States,Sailing,1987.0
572,Wei Muller,Male,CHN,China,Swimming,1997.0
573,Julia Novak,Female,CUB,Cuba,Triathlon,1997.0
574,Andrei Hansen,Male,NOR,Norway,Cycling Road,1993.0
575,Ivan Wang,Male,POL,Poland,Judo,1989.0
576,Sofia Yamamoto,Female,JAM,Jamaica,Diving,2006.0
577,Ivan Novak,Male,SUI,Switzerland,Wrestling,1986.0
578,Noah Novak,Male,GBR,Great Britain,Football,2004.0
579,Ivan Silva,Male,GBR,Great Britain,Athletics,1989.0
580,Lucas Kovac,Male,BRA,Brazil,Archery,2001.0
581,Yuki Patel,Female,ROC,ROC,Golf,1993.0
582,James Nguyen,Male,IND,India,Basketball,1993.0
583,Wei Yamamoto,Male,JAM,Jamaica,Gymnastics,2000.0
584,Julia Patel,Female,CHN,China,Hockey,2003.0
585,Marco Silva,Male,GER,Germany,Rowing,2003.0
586,Kenji Fischer,Male,USA,United States,Swimming,1985.0
587,Liam Kovac,Male,BRA,Brazil,Volleyball,1989.0
588,Liam Hansen,Male,IND,India,Triathlon,2005.0
589,Elena Nguyen,Female,FRA,France,Basketball,1995.0
590,Ava Yamamoto,Female,BRA,Brazil,Rowing,2001.0
591,Lucas Dubois,Male,IND,India,Archery,1986.0
592,Ava Garcia,Female,ITA,Italy,Fencing,1995.0
593,Andrei Garcia,Male,USA,United States,Badminton,1991.0
594,Nina Kim,Female,SUI,Switzerland,Taekwondo,1992.0
595,Aisha Yamamoto,Female,KOR,South Korea,Judo,2002.0
596,Ethan Smith,Male,CUB,Cuba,Athletics,1992.0
597,Emma Nguyen,Female,USA,United States,Canoe Sprint,1997.0
598,Sophia Muller,Female,POL,Poland,Wrestling,1998.0
599,Olivia Kowalski,Female,SWE,Sweden,Weightlifting,1987.0
600,Kenji Fischer,Male,CUB,Cuba,Triathlon,1996.0
406,Yuki Andersson,Female,ESP,Spain,Archery,1994.0
531,Tom Tanaka,Male,GER,Germany,Shooting,1996.0
307,Oliver Yamamoto,Male,SUI,Switzerland,Table Tennis,1989.0
391,Ethan Smith,Male,CZE,Czech Republic,Boxing,1998.0
147,Kenji Silva,Male,CZE,Czech Republic,Gymnastics,1990.0
428,Kenji Johnson,Male,NZL,New Zealand,Football,1992.0
595,Aisha Yamamoto,Female,KOR,South Korea,Judo,2002.0
125,Ingrid Dubois,Female,DEN,Denmark,Football,2003.0
